,category,message
2,spam,"FreeMsg Hey there darling it's been 3 week's now and no word back! I'd like some fun you up for it still? Tb ok! XxX std chgs to send, Â£1.50 to rcv"
4,spam,Had your mobile 11 months or more? U R entitled to Update to the latest colour mobiles with camera for Free! Call The Mobile Update Co FREE on 08002986030
5,spam,"SIX chances to win CASH! From 100 to 20,000 pounds txt> CSH11 and send to 87575. Cost 150p/day, 6days, 16+ TsandCs apply Reply HL 4 info"
7,spam,"XXXMobileMovieClub: To use your credit, click the WAP link in the next txt message or click here>> http://wap. xxxmobilemovieclub.com?n=QJKGIGHJJGCBL"
9,spam,"England v Macedonia - dont miss the goals/team news. Txt ur national team to 87077 eg ENGLAND to 87077 Try:WALES, SCOTLAND 4txt/Ãº1.20 POBOXox36504W45WQ 16+"
32,spam,"As a valued customer, I am pleased to advise you that following recent review of your Mob No. you are awarded with a Â£1500 Bonus Prize, call 09066364589"
33,spam,"Urgent UR awarded a complimentary trip to EuroDisinc Trav, Aco&Entry41 Or Â£1000. To claim txt DIS to 87121 18+6*Â£1.50(moreFrmMob. ShrAcomOrSglSuplt)10, LS1 3AJ"
46,spam,Please call our customer service representative on 0800 169 6031 between 10am-9pm as you have WON a guaranteed Â£1000 cash or Â£5000 prize!
47,spam,"Your free ringtone is waiting to be collected. Simply text the password ""MIX"" to 85069 to verify. Get Usher and Britney. FML, PO Box 5249, MK17 92H. 450Ppw 16"
58,spam,You are a winner U have been specially selected 2 receive Â£1000 or a 4* holiday (flights inc) speak to a live operator 2 claim 0871277810910p/min (18+) 
60,spam,"URGENT! Your Mobile No. was awarded Â£2000 Bonus Caller Prize on 5/9/03 This is our final try to contact U! Call from Landline 09064019788 BOX42WR29C, 150PPM"
61,spam,Todays Voda numbers ending 7548 are selected to receive a $350 award. If you have a match please call 08712300220 quoting claim code 4041 standard rates app
67,spam,Want 2 get laid tonight? Want real Dogging locations sent direct 2 ur mob? Join the UK's largest Dogging Network bt Txting GRAVEL to 69888! Nt. ec2a. 31p.msg@150p
69,spam,You'll not rcv any more msgs from the chat svc. For FREE Hardcore services text GO to: 69988 If u get nothing u must Age Verify with yr network & try again
73,spam,"FreeMsg Why haven't you replied to my text? I'm Randy, sexy, female and live local. Luv to hear from u. Netcollex Ltd 08700621170150p per msg reply Stop to end"
79,spam,Customer service annoncement. You have a New Years delivery waiting for you. Please call 07046744435 now to arrange delivery
82,spam,"BangBabes Ur order is on the way. U SHOULD receive a Service Msg 2 download UR content. If U do not, GoTo wap. bangb. tv on UR mobile internet/service menu"
83,spam,URGENT! We are trying to contact you. Last weekends draw shows that you have won a Â£900 prize GUARANTEED. Call 09061701939. Claim code S89. Valid 12hrs only
95,spam,Are you unique enough? Find out from 30th August. www.areyouunique.co.uk
112,spam,"500 New Mobiles from 2004, MUST GO! Txt: NOKIA to No: 89545 & collect yours today!From ONLY Â£1 www.4-tc.biz 2optout 087187262701.50gbp/mtmsg18"
113,spam,"Will u meet ur dream partner soon? Is ur career off 2 a flyng start? 2 find out free, txt HORO followed by ur star sign, e. g. HORO ARIES"
117,spam,Text & meet someone sexy today. U can find a date or even flirt its up to U. Join 4 just 10p. REPLY with NAME & AGE eg Sam 25. 18 -msg recd@thirtyeight pence
129,spam,We tried to contact you re your reply to our offer of a Video Handset? 750 anytime networks mins? UNLIMITED TEXT? Camcorder? Reply or call 08000930705 NOW
136,spam,HMV BONUS SPECIAL 500 pounds of genuine HMV vouchers to be won. Just answer 4 easy questions. Play Now! Send HMV to 86688 More info:www.100percent-real.com
152,spam,"SMS. ac Blind Date 4U!: Rodds1 is 21/m from Aberdeen, United Kingdom. Check Him out http://img. sms. ac/W/icmb3cktz8r7!-4 no Blind Dates send HIDE"
154,spam,"TheMob> Check out our newest selection of content, Games, Tones, Gossip, babes and sport, Keep your mobile fit and funky text WAP to 82468"
159,spam,December only! Had your mobile 11mths+? You are entitled to update to the latest colour camera mobile for Free! Call The Mobile Update Co FREE on 08002986906
166,spam,Call Germany for only 1 pence per minute! Call from a fixed line via access number 0844 861 85 85. No prepayment. Direct access!
167,spam,Valentines Day Special! Win over Â£1000 in our quiz and take your partner on the trip of a lifetime! Send GO to 83600 now. 150p/msg rcvd. CustCare:08718720201.
174,spam,Fancy a shag? I do.Interested? sextextuk.com txt XXUK SUZY to 69876. Txts cost 1.50 per msg. TnCs on website. X
178,spam,Congratulations ur awarded 500 of CD vouchers or 125gift guaranteed & Free entry 2 100 wkly draw txt MUSIC to 87066 TnCs www.Ldew.com1win150ppmx3age16
183,spam,"Update_Now - Xmas Offer! Latest Motorola, SonyEricsson & Nokia & FREE Bluetooth! Double Mins & 1000 Txt on Orange. Call MobileUpd8 on 08000839402 or call2optout/F4Q="
187,spam,"Thanks for your Ringtone Order, Reference T91. You will be charged GBP 4 per week. You can unsubscribe at anytime by calling customer services on 09057039994"
192,spam,"Double mins and txts 4 6months FREE Bluetooth on Orange. Available on Sony, Nokia Motorola phones. Call MobileUpd8 on 08000839402 or call2optout/N9DX"
194,spam,4mths half price Orange line rental & latest camera phones 4 FREE. Had your phone 11mths ? Call MobilesDirect free on 08000938767 to update now! or2stoptxt
200,spam,"FREE RINGTONE text FIRST to 87131 for a poly or text GET to 87131 for a true tone! Help? 0845 2814032 16 after 1st free, tones are 3xÂ£150pw to eÂ£nd txt stop"
207,spam,100 dating service cal;l 09064012103 box334sk38ch
216,spam,Congrats! Nokia 3650 video camera phone is your Call 09066382422 Calls cost 150ppm Ave call 3mins vary from mobiles 16+ Close 300603 post BCM4284 Ldn WC1N3XX
227,spam,"Loan for any purpose Â£500 - Â£75,000. Homeowners + Tenants welcome. Have you been previously refused? We can still help. Call Free 0800 1956669 or text back 'help'"
231,spam,"UpgrdCentre Orange customer, you may now claim your FREE CAMERA PHONE upgrade for your loyalty. Call now on 0207 153 9153. Offer ends 26th July. T&C's apply. Opt-out available"
235,spam,okmail: Dear Dave this is your final notice to collect your 4* Tenerife Holiday or #5000 CASH award! Call 09061743806 from landline. TCs SAE Box326 CW25WX 150ppm
243,spam,"FREE MESSAGE Activate your 500 FREE Text Messages by replying to this message with the word FREE For terms & conditions, visit www.07781482378.com"
252,spam,+123 Congratulations - in this week's competition draw u have won the Â£1450 prize to claim just call 09050002311 b4280703. T&Cs/stop SMS 08718727868. Over 18 only 150ppm
257,spam,"You are guaranteed the latest Nokia Phone, a 40GB iPod MP3 player or a Â£500 prize! Txt word: COLLECT to No: 83355! IBHltd LdnW15H 150p/Mtmsgrcvd18+"
258,spam,Boltblue tones for 150p Reply POLY# or MONO# eg POLY3 1. Cha Cha Slide 2. Yeah 3. Slow Jamz 6. Toxic 8. Come With Me or STOP 4 more tones txt MORE
262,spam,"URGENT!: Your Mobile No. was awarded a Â£2,000 Bonus Caller Prize on 02/09/03! This is our 2nd attempt to contact YOU! Call 0871-872-9755 BOX95QU"
263,spam,"Today's Offer! Claim ur Â£150 worth of discount vouchers! Text YES to 85023 now! SavaMob, member offers mobile! T Cs 08717898035. Â£3.00 Sub. 16 . Unsub reply X"
264,spam,You will recieve your tone within the next 24hrs. For Terms and conditions please see Channel U Teletext Pg 750
265,spam,PRIVATE! Your 2003 Account Statement for 07815296484 shows 800 un-redeemed S.I.M. points. Call 08718738001 Identifier Code 41782 Expires 18/11/04 
270,spam,from www.Applausestore.com MonthlySubscription@50p/msg max6/month T&CsC web age16 2stop txt stop
289,spam,"our mobile number has won Â£5000, to claim calls us back or ring the claims hot line on 09050005321."
291,spam,We tried to contact you re your reply to our offer of 750 mins 150 textand a new video phone call 08002988890 now or reply for free delivery tomorrow
295,spam,"For ur chance to win a Â£250 wkly shopping spree TXT: SHOP to 80878. T's&C's www.txt-2-shop.com custcare 08715705022, 1x150p/wk"
296,spam,PRIVATE! Your 2003 Account Statement for 07753741225 shows 800 un-redeemed S. I. M. points. Call 08715203677 Identifier Code: 42478 Expires 24/10/04
303,spam,XCLUSIVE@CLUBSAISAI 2MOROW 28/5 SOIREE SPECIALE ZOUK WITH NICHOLS FROM PARIS.FREE ROSES 2 ALL LADIES !!! info: 07946746291/07880867867 
305,spam,22 days to kick off! For Euro2004 U will be kept up to date with the latest news and results daily. To be removed send GET TXT STOP to 83222
314,spam,New TEXTBUDDY Chat 2 horny guys in ur area 4 just 25p Free 2 receive Search postcode or at gaytextbuddy.com. TXT ONE name to 89693
317,spam,"Dear Voucher Holder, 2 claim this weeks offer, at your PC go to http://www.e-tlp.co.uk/expressoffer Ts&Cs apply.2 stop texts txt STOP to 80062."
336,spam,Get ur 1st RINGTONE FREE NOW! Reply to this msg with TONE. Gr8 TOP 20 tones to your phone every week just Â£1.50 per wk 2 opt out send STOP 08452810071 16
354,spam,"To review and KEEP the fantastic Nokia N-Gage game deck with Club Nokia, go 2 www.cnupdates.com/newsletter. unsubscribe from alerts reply with the word OUT"
356,spam,08714712388 between 10am-7pm Cost 10p
358,spam,+449071512431 URGENT! This is the 2nd attempt to contact U!U have WON Â£1250 CALL 09071512433 b4 050703 T&CsBCM4235WC1N3XX. callcost 150ppm mobilesvary. maxÂ£7. 50
359,spam,You have WON a guaranteed Â£1000 cash or a Â£2000 prize. To claim yr prize call our customer service representative on 08714712394 between 10am-7pm
365,spam,Email AlertFrom: Jeri StewartSize: 2KBSubject: Low-cost prescripiton drvgsTo listen to email call 123
375,spam,"Do you realize that in about 40 years, we'll have thousands of old ladies running around with tattoos?"
380,spam,"Romantic Paris. 2 nights, 2 flights from Â£79 Book now 4 next year. Call 08704439680Ts&Cs apply."
381,spam,Urgent Ur Â£500 guaranteed award is still unclaimed! Call 09066368327 NOW closingdate04/09/02 claimcode M39M51 Â£1.50pmmorefrommobile2Bremoved-MobyPOBox734LS27YF
394,spam,"5 Free Top Polyphonic Tones call 087018728737, National Rate. Get a toppoly tune sent every week, just text SUBPOLY to 81618, Â£3 per pole. UnSub 08718727870."
398,spam,"Orange customer, you may now claim your FREE CAMERA PHONE upgrade for your loyalty. Call now on 0207 153 9996. Offer ends 14thMarch. T&C's apply. Opt-out availa"
400,spam,"Last Chance! Claim ur Â£150 worth of discount vouchers today! Text SHOP to 85023 now! SavaMob, offers mobile! T Cs SavaMob POBOX84, M263UZ. Â£3.00 Sub. 16"
401,spam,FREE for 1st week! No1 Nokia tone 4 ur mobile every week just txt NOKIA to 8077 Get txting and tell ur mates. www.getzed.co.uk POBox 36504 W45WQ 16+ norm150p/tone
406,spam,Congratulations ur awarded either Â£500 of CD gift vouchers & Free entry 2 our Â£100 weekly draw txt MUSIC to 87066 TnCs www.Ldew.com1win150ppmx3age16
407,spam,"U were outbid by simonwatson5120 on the Shinco DVD Plyr. 2 bid again, visit sms. ac/smsrewards 2 end bid notifications, reply END OUT"
411,spam,"SMSSERVICES. for yourinclusive text credits, pls goto www.comuk.net login= 3qxj9 unsubscribe with STOP, no extra charge. help 08702840625.COMUK. 220-CM2 9AE"
415,spam,U have a secret admirer. REVEAL who thinks U R So special. Call 09065174042. To opt out Reply REVEAL STOP. 1.50 per msg recd. Cust care 07821230901
416,spam,"Dear Voucher Holder, To claim this weeks offer, at you PC please go to http://www.e-tlp.co.uk/expressoffer Ts&Cs apply. To stop texts, txt STOP to 80062"
418,spam,Do you want 750 anytime any network mins 150 text and a NEW VIDEO phone for only five pounds per week call 08002888812 or reply for delivery tomorrow
419,spam,We tried to contact you re our offer of New Video Phone 750 anytime any network mins HALF PRICE Rental camcorder call 08000930705 or reply for delivery Wed
434,spam,Hello. We need some posh birds and chaps to user trial prods for champneys. Can i put you down? I need your address and dob asap. Ta r
439,spam,U have a secret admirer who is looking 2 make contact with U-find out who they R*reveal who thinks UR so special-call on 09058094565
440,spam,Reminder: You have not downloaded the content you have already paid for. Goto http://doit. mymoby. tv/ to collect your content.
453,spam,"all the lastest from Stereophonics, Marley, Dizzee Racal, Libertines and The Strokes! Win Nookii games with Flirt!! Click TheMob WAP Bookmark or text WAP to 82468"
467,spam,"Dear Matthew please call 09063440451 from a landline, your complimentary 4*Lux Tenerife holiday or Â£1000 CASH await collection. ppm150 SAE T&Cs Box334 SK38XH."
469,spam,"Urgent! call 09061749602 from Landline. Your complimentary 4* Tenerife Holiday or Â£10,000 cash await collection SAE T&Cs BOX 528 HP20 1YF 150ppm 18+"
471,spam,How about getting in touch with folks waiting for company? Just txt back your NAME and AGE to opt in! Enjoy the community (150p/SMS)
473,spam,Ur cash-balance is currently 500 pounds - to maximize ur cash-in now send GO to 86688 only 150p/msg. CC: 08718720201 PO BOX 114/14 TCR/W1
477,spam,Filthy stories and GIRLS waiting for your
491,spam,"Congrats! 2 mobile 3G Videophones R yours. call 09063458130 now! videochat wid your mates, play java games, Dload polyPH music, noline rentl."
503,spam,Panasonic & BluetoothHdset FREE. Nokia FREE. Motorola FREE & DoubleMins & DoubleTxt on Orange contract. Call MobileUpd8 on 08000839402 or call 2optout
508,spam,FREE for 1st week! No1 Nokia tone 4 ur mob every week just txt NOKIA to 8007 Get txting and tell ur mates www.getzed.co.uk POBox 36504 W45WQ norm150p/tone 16+
522,spam,"We know someone who you know that fancies you. Call 09058097218 to find out who. POBox 6, LS15HB 150p"
534,spam,Someone U know has asked our dating service 2 contact you! Cant Guess who? CALL 09058091854 NOW all will be revealed. PO BOX385 M6 6WU
536,spam,Dear U've been invited to XCHAT. This is our final attempt to contact u! Txt CHAT to 86688
544,spam,You are awarded a SiPix Digital Camera! call 09061221061 from landline. Delivery within 28days. T Cs Box177. M221BP. 2yr warranty. 150ppm. 16 . p pÂ£3.99
545,spam,WIN URGENT! Your mobile number has been awarded with a Â£2000 prize GUARANTEED call 09061790121 from land line. claim 3030 valid 12hrs only 150ppm 
548,spam,Dear Subscriber ur draw 4 Â£100 gift voucher will b entered on receipt of a correct ans. When was Elvis Presleys Birthday? TXT answer to 80062
552,spam,Message Important information for O2 user. Today is your lucky day! 2 find out why log onto http://www.urawinner.com there is a fantastic surprise awaiting you
564,spam,Ur HMV Quiz cash-balance is currently Â£500 - to maximize ur cash-in now send HMV1 to 86688 only 150p/msg
568,spam,Dont forget you can place as many FREE Requests with 1stchoice.co.uk as you wish. For more Information call 08707808226.
581,spam,Free entry in 2 a wkly comp to win FA Cup final tkts 21st May 2005. Text FA to 87121 to receive entry question(std txt rate)T&C's apply 08452810075over18's
602,spam,WIN a year supply of CDs 4 a store of ur choice worth Â£500 & enter our Â£100 Weekly draw txt MUSIC to 87066 Ts&Cs www.Ldew.com.subs16+1win150ppmx3
603,spam,"As a SIM subscriber, you are selected to receive a Bonus! Get it delivered to your door, Txt the word OK to No: 88600 to claim. 150p/msg, EXP. 30Apr"
608,spam,You have 1 new voicemail. Please call 08719181513.
610,spam,No. 1 Nokia Tone 4 ur mob every week! Just txt NOK to 87021. 1st Tone FREE ! so get txtin now and tell ur friends. 150p/tone. 16 reply HL 4info
612,spam,You are a winner U have been specially selected 2 receive Â£1000 cash or a 4* holiday (flights inc) speak to a live operator 2 claim 0871277810810
613,spam,Reply with your name and address and YOU WILL RECEIVE BY POST a weeks completely free accommodation at various global locations www.phb1.com ph:08700435505150p
614,spam,FREE entry into our Â£250 weekly comp just send the word ENTER to 84128 NOW. 18 T&C www.textcomp.com cust care 08712405020.
631,spam,"Hungry gay guys feeling hungry and up 4 it, now. Call 08718730555 just 10p/min. To stop texts call 08712460324 (10p/min)"
634,spam,Can U get 2 phone NOW? I wanna chat 2 set up meet Call me NOW on 09096102316 U can cum here 2moro Luv JANE xx CallsÂ£1/minmoremobsEMSPOBox45PO139WA
653,spam,Enjoy the jamster videosound gold club with your credits for 2 new videosounds+2 logos+musicnews! get more fun from jamster.co.uk! 16+only Help? call: 09701213186 
687,spam,"500 New Mobiles from 2004, MUST GO! Txt: NOKIA to No: 89545 & collect yours today!From ONLY Â£1 www.4-tc.biz 2optout 087187262701.50gbp/mtmsg18 TXTAUCTION"
703,spam,"URGENT, IMPORTANT INFORMATION FOR O2 USER. TODAY IS YOUR LUCKY DAY! 2 FIND OUT WHY LOG ONTO HTTP://WWW.URAWINNER.COM THERE IS A FANTASTIC SURPRISE AWAITING FOR YOU"
711,spam,Congratulations ur awarded either Â£500 of CD gift vouchers & Free entry 2 our Â£100 weekly draw txt MUSIC to 87066 TnCs www.Ldew.com 1 win150ppmx3age16
724,spam,As a registered optin subscriber ur draw 4 Â£100 gift voucher will be entered on receipt of a correct ans to 80062 Whats No1 in the BBC charts
731,spam,"09066362231 URGENT! Your mobile No 07xxxxxxxxx won a Â£2,000 bonus caller prize on 02/06/03! this is the 2nd attempt to reach YOU! call 09066362231 ASAP!"
734,spam,Hi its LUCY Hubby at meetins all day Fri & I will B alone at hotel U fancy cumin over? Pls leave msg 2day 09099726395 Lucy x CallsÂ£1/minMobsmoreLKPOBOX177HP51FL
753,spam,Thanks for the Vote. Now sing along with the stars with Karaoke on your mobile. For a FREE link just reply with SING now.
760,spam,"URGENT! Your Mobile No was awarded a Â£2,000 Bonus Caller Prize on 1/08/03! This is our 2nd attempt to contact YOU! Call 0871-4719-523 BOX95QU BT National Rate"
786,spam,Ur cash-balance is currently 500 pounds - to maximize ur cash-in now send GO to 86688 only 150p/msg. CC 08718720201 HG/Suite342/2Lands Row/W1J6HL
798,spam,As a Registered Subscriber yr draw 4 a Â£100 gift voucher will b entered on receipt of a correct ans. When are the next olympics. Txt ans to 80062
806,spam,RT-KIng Pro Video Club>> Need help? info@ringtoneking.co.uk or call 08701237397 You must be 16+ Club credits redeemable at www.ringtoneking.co.uk! Enjoy!
811,spam,U have a secret admirer who is looking 2 make contact with U-find out who they R*reveal who thinks UR so special-call on 09058094599
812,spam,500 free text msgs. Just text ok to 80488 and we'll credit your account
817,spam,"Eerie Nokia tones 4u, rply TONE TITLE to 8007 eg TONE DRACULA to 8007 Titles: GHOST, ADDAMSFA, MUNSTERS, EXORCIST, TWILIGHT www.getzed.co.uk POBox36504W45WQ 150p"
826,spam,"For ur chance to win a Â£250 cash every wk TXT: ACTION to 80608. T's&C's www.movietrivia.tv custcare 08712405022, 1x150p/wk"
829,spam,RGENT! This is the 2nd attempt to contact U!U have WON Â£1250 CALL 09071512433 b4 050703 T&CsBCM4235WC1N3XX. callcost 150ppm mobilesvary. maxÂ£7. 50
831,spam,Hi if ur lookin 4 saucy daytime fun wiv busty married woman Am free all next week Chat now 2 sort time 09099726429 JANINExx CallsÂ£1/minMobsmoreLKPOBOX177HP51FL
836,spam,URGENT! We are trying to contact U. Todays draw shows that you have won a Â£800 prize GUARANTEED. Call 09050001295 from land line. Claim A21. Valid 12hrs only
843,spam,todays vodafone numbers ending with 0089(my last four digits) are selected to received a Â£350 award. If your number matches please call 09063442151 to claim your Â£350 award
845,spam,Sunshine Quiz Wkly Q! Win a top Sony DVD player if u know which country the Algarve is in? Txt ansr to 82277. Â£1.50 SP:Tyrone
849,spam,"Free msg. Sorry, a service you ordered from 81303 could not be delivered as you do not have sufficient credit. Please top up to receive the service."
870,spam,UR GOING 2 BAHAMAS! CallFREEFONE 08081560665 and speak to a live operator to claim either Bahamas cruise ofÂ£2000 CASH 18+only. To opt out txt X to 07786200117
872,spam,Someone has conacted our dating service and entered your phone because they fancy you!To find out who it is call from landline 09111030116. PoBox12n146tf15
882,spam,Hi 07734396839 IBH Customer Loyalty Offer: The NEW NOKIA6600 Mobile from ONLY Â£10 at TXTAUCTION!Txt word:START to No:81151 & get Yours Now!4T&
883,spam,SMS AUCTION You have won a Nokia 7250i. This is what you get when you win our FREE auction. To take part send Nokia to 86021 now. HG/Suite342/2Lands Row/W1JHL 16+
888,spam,Call FREEPHONE 0800 542 0578 now!
890,spam,BIG BROTHER ALERT! The computer has selected u for 10k cash or #150 voucher. Call 09064018838. NTT PO Box CRO1327 18+ BT Landline Cost 150ppm mobiles vary
896,spam,"WIN: We have a winner! Mr. T. Foley won an iPod! More exciting prizes soon, so keep an eye on ur mobile or visit www.win-82050.co.uk"
903,spam,Todays Voda numbers ending 1225 are selected to receive a Â£50award. If you have a match please call 08712300220 quoting claim code 3100 standard rates app 
919,spam,"Hack Chat. Get backdoor entry into 121 chat rooms at a fraction of the cost. Reply NEO69 or call 09050280520, to subscribe 25p pm. DPS, Bcm box 8027 Ldn, wc1n3xx"
926,spam,"This is the 2nd time we have tried 2 contact u. U have won the 750 Pound prize. 2 claim is easy, call 08718726970 NOW! Only 10p per min. BT-national-rate "
937,spam,Would you like to see my XXX pics they are so hot they were nearly banned in the uk!
943,spam,Dear 0776xxxxxxx U've been invited to XCHAT. This is our final attempt to contact u! Txt CHAT to 86688 150p/MsgrcvdHG/Suite342/2Lands/Row/W1J6HL LDN 18yrs 
946,spam,CALL 09090900040 & LISTEN TO EXTREME DIRTY LIVE CHAT GOING ON IN THE OFFICE RIGHT NOW TOTAL PRIVACY NO ONE KNOWS YOUR [sic] LISTENING 60P MIN 24/7MP 0870753331018+
947,spam,"FreeMsg Hey U, i just got 1 of these video/pic fones, reply WILD to this txt & ill send U my pics, hurry up Im so bored at work xxx (18 150p/rcvd STOP2stop)"
957,spam,New TEXTBUDDY Chat 2 horny guys in ur area 4 just 25p Free 2 receive Search postcode or at gaytextbuddy.com. TXT ONE name to 89693. 08715500022 rpl Stop 2 cnl
964,spam,Call from 08702490080 - tells u 2 call 09066358152 to claim Â£5000 prize. U have 2 enter all ur mobile & personal details @ the prompts. Careful!
980,spam,Guess what! Somebody you know secretly fancies you! Wanna find out who it is? Give us a call on 09065394973 from Landline DATEBox1282EssexCM61XN 150p/min 18
981,spam,it to 80488. Your 500 free text messages are valid until 31 December 2005.
992,spam,Urgent! Please call 09061743810 from landline. Your ABTA complimentary 4* Tenerife Holiday or #5000 cash await collection SAE T&Cs Box 326 CW25WX 150 ppm
996,spam,Free tones Hope you enjoyed your new content. text stop to 61610 to unsubscribe. help:08712400602450p Provided by tones2you.co.uk
1001,spam,TheMob>Yo yo yo-Here comes a new selection of hot downloads for our members to get for FREE! Just click & open the next link sent to ur fone...
1011,spam,"U can WIN Â£100 of Music Gift Vouchers every week starting NOW Txt the word DRAW to 87066 TsCs www.ldew.com SkillGame,1Winaweek, age16.150ppermessSubscription"
1026,spam,"Call 09094100151 to use ur mins! Calls cast 10p/min (mob vary). Service provided by AOM, just GBP5/month. AOM Box61,M60 1ER until u stop. Ages 18+ only!"
1035,spam,Sexy Singles are waiting for you! Text your AGE followed by your GENDER as wither M or F E.G.23F. For gay men text your AGE followed by a G. e.g.23G.
1039,spam,85233 FREE>Ringtone!Reply REAL
1044,spam,Well done ENGLAND! Get the official poly ringtone or colour flag on yer mobile! text TONE or FLAG to 84199 NOW! Opt-out txt ENG STOP. Box39822 W111WX Â£1.50
1047,spam,PRIVATE! Your 2004 Account Statement for 07742676969 shows 786 unredeemed Bonus Points. To claim call 08719180248 Identifier Code: 45239 Expires
1054,spam,"FREE2DAY sexy St George's Day pic of Jordan!Txt PIC to 89080 dont miss out, then every wk a saucy celeb!4 more pics c PocketBabe.co.uk 0870241182716 Â£3/wk"
1056,spam,You are a winner you have been specially selected to receive Â£1000 cash or a Â£2000 award. Speak to a live operator to claim call 087123002209am-7pm. Cost 10p
1057,spam,"Sunshine Hols. To claim ur med holiday send a stamped self address envelope to Drinks on Us UK, PO Box 113, Bray, Wicklow, Eire. Quiz Starts Saturday! Unsub Stop"
1059,spam,"U can WIN Â£100 of Music Gift Vouchers every week starting NOW Txt the word DRAW to 87066 TsCs www.Idew.com SkillGame, 1Winaweek, age16. 150ppermessSubscription"
1066,spam,Your B4U voucher w/c 27/03 is MARSMS. Log onto www.B4Utele.com for discount credit. To opt out reply stop. Customer care call 08717168528
1072,spam,FreeMsg: Hey - I'm Buffy. 25 and love to satisfy men. Home alone feeling randy. Reply 2 C my PIX! QlynnBV Help08700621170150p a msg Send stop to stop txts
1094,spam,FREE camera phones with linerental from 4.49/month with 750 cross ntwk mins. 1/2 price txt bundle deals also avble. Call 08001950382 or call2optout/J MF
1103,spam,"URGENT! Your mobile No 07xxxxxxxxx won a Â£2,000 bonus caller prize on 02/06/03! this is the 2nd attempt to reach YOU! call 09066362231 ASAP! BOX97N7QP, 150PPM"
1104,spam,"URGENT!! Your 4* Costa Del Sol Holiday or Â£5000 await collection. Call 09050090044 Now toClaim. SAE, TC s, POBox334, Stockport, SK38xh, CostÂ£1.50/pm, Max10mins"
1123,spam,"Hi ya babe x u 4goten bout me?' scammers getting smart..Though this is a regular vodafone no, if you respond you get further prem rate msg/subscription. Other nos used also. Beware!"
1130,spam,SplashMobile: Choose from 1000s of gr8 tones each wk! This is a subscrition service with weekly tones costing 300p. U have one credit - kick back and ENJOY
1133,spam,<Forwarded from 88877>FREE entry into our Â£250 weekly comp just send the word ENTER to 88877 NOW. 18 T&C www.textcomp.com
1134,spam,88066 FROM 88066 LOST 3POUND HELP
1147,spam,You have 1 new message. Please call 08718738034.
1148,spam,<Forwarded from 21870000>Hi - this is your Mailbox Messaging SMS alert. You have 4 messages. You have 21 matches. Please call back on 09056242159 to retrieve your messages and matches
1154,spam,Moby Pub Quiz.Win a Â£100 High Street prize if u know who the new Duchess of Cornwall will be? Txt her first name to 82277.unsub STOP Â£1.50 008704050406 SP Arrow
1155,spam,You have won a Nokia 7250i. This is what you get when you win our FREE auction. To take part send Nokia to 86021 now. HG/Suite342/2Lands Row/W1JHL 16+ 
1156,spam,"tddnewsletter@emc1.co.uk (More games from TheDailyDraw) Dear Helen, Dozens of Free Games - with great prizesWith.."
1171,spam,Double your mins & txts on Orange or 1/2 price linerental - Motorola and SonyEricsson with B/Tooth FREE-Nokia FREE Call MobileUpd8 on 08000839402 or2optout/HV9D
1183,spam,Tone Club: Your subs has now expired 2 re-sub reply MONOC 4 monos or POLYC 4 polys 1 weekly @ 150p per week Txt STOP 2 stop This msg free Stream 0871212025016
1206,spam,I don't know u and u don't know me. Send CHAT to 86688 now and let's find each other! Only 150p/Msg rcvd. HG/Suite342/2Lands/Row/W1J6HL LDN. 18 years or over.
1213,spam,Valentines Day Special! Win over Â£1000 in our quiz and take your partner on the trip of a lifetime! Send GO to 83600 now. 150p/msg rcvd. CustCare:08718720201
1236,spam,"Final Chance! Claim ur Â£150 worth of discount vouchers today! Text YES to 85023 now! SavaMob, member offers mobile! T Cs SavaMob POBOX84, M263UZ. Â£3.00 Subs 16"
1240,spam,"Urgent! call 09066612661 from landline. Your complementary 4* Tenerife Holiday or Â£10,000 cash await collection SAE T&Cs PO Box 3 WA14 2PX 150ppm 18+ Sender: Hol Offer"
1262,spam,FREE entry into our Â£250 weekly comp just send the word WIN to 80086 NOW. 18 T&C www.txttowin.co.uk
1287,spam,Your next amazing xxx PICSFREE1 video will be sent to you enjoy! If one vid is not enough for 2day text back the keyword PICSFREE1 to get the next video.
1290,spam,U are subscribed to the best Mobile Content Service in the UK for Â£3 per ten days until you send STOP to 83435. Helpline 08706091795.
1291,spam,"3 FREE TAROT TEXTS! Find out about your love life now! TRY 3 FOR FREE! Text CHANCE to 85555 16 only! After 3 Free, Msgs Â£1.50 each"
1331,spam,"Hello darling how are you today? I would love to have a chat, why dont you tell me what you look like and what you are in to sexy?"
1334,spam,Wanna get laid 2nite? Want real Dogging locations sent direct to ur mobile? Join the UK's largest Dogging Network. Txt PARK to 69696 now! Nyt. ec2a. 3lp Â£1.50/msg
1345,spam,sports fans - get the latest sports news str* 2 ur mobile 1 wk FREE PLUS a FREE TONE Txt SPORT ON to 8007 www.getzed.co.uk 0870141701216+ norm 4txt/120p 
1346,spam,"Urgent Urgent! We have 800 FREE flights to Europe to give away, call B4 10th Sept & take a friend 4 FREE. Call now to claim on 09050000555. BA128NNFWFLY150ppm"
1349,spam,FROM 88066 LOST Â£12 HELP
1352,spam,FreeMsg: Fancy a flirt? Reply DATE now & join the UKs fastest growing mobile dating service. Msgs rcvd just 25p to optout txt stop to 83021. Reply DATE now!
1355,spam,Hope you enjoyed your new content. text stop to 61610 to unsubscribe. help:08712400602450p Provided by tones2you.co.uk
1359,spam,18 days to Euro2004 kickoff! U will be kept informed of all the latest news and results daily. Unsubscribe send GET EURO STOP to 83222.
1364,spam,Urgent Please call 09066612661 from landline. Â£5000 cash or a luxury 4* Canary Islands Holiday await collection. T&Cs SAE award. 20M12AQ. 150ppm. 16+ â€œ
1383,spam,Married local women looking for discreet action now! 5 real matches instantly to your phone. Text MATCH to 69969 Msg cost 150p 2 stop txt stop BCMSFWC1N3XX
1389,spam,"For ur chance to win a Â£250 cash every wk TXT: ACTION to 80608. T's&C's www.movietrivia.tv custcare 08712405022, 1x150p/wk."
1395,spam,Uâ€™ve Bin Awarded Â£50 to Play 4 Instant Cash. Call 08715203028 To Claim. EVERY 9th Player Wins Min Â£50-Â£500. OptOut 08718727870
1410,spam,INTERFLORA - Â“It's not too late to order Interflora flowers for christmas call 0800 505060 to place your order before Midnight tomorrow.
1411,spam,ROMCAPspam Everyone around should be responding well to your presence since you are so warm and outgoing. You are bringing in a real breath of sunshine.
1431,spam,Adult 18 Content Your video will be with you shortly
1435,spam,"YOUR CHANCE TO BE ON A REALITY FANTASY SHOW call now = 08707509020 Just 20p per min NTT Ltd, PO Box 1327 Croydon CR9 5WB 0870 is a national = rate call."
1439,spam,"Hey Boys. Want hot XXX pics sent direct 2 ur phone? Txt PORN to 69855, 24Hrs free and then just 50p per day. To stop text STOPBCM SF WC1N3XX"
1440,spam,"Last Chance! Claim ur Â£150 worth of discount vouchers today! Text SHOP to 85023 now! SavaMob, offers mobile! T Cs SavaMob POBOX84, M263UZ. Â£3.00 Sub. 16"
1448,spam,"pdate_Now - Double mins and 1000 txts on Orange tariffs. Latest Motorola, SonyEricsson & Nokia & Bluetooth FREE! Call MobileUpd8 on 08000839402 or call2optout/!YHL"
1457,spam,Sorry! U can not unsubscribe yet. THE MOB offer package has a min term of 54 weeks> pls resubmit request after expiry. Reply THEMOB HELP 4 more info
1470,spam,You have 1 new message. Please call 08712400200.
1472,spam,We currently have a message awaiting your collection. To collect your message just call 08718723815.
1479,spam,U have a secret admirer. REVEAL who thinks U R So special. Call 09065174042. To opt out Reply REVEAL STOP. 1.50 per msg recd. Cust care 07821230901
1482,spam,"Do you ever notice that when you're driving, anyone going slower than you is an idiot and everyone driving faster than you is a maniac?"
1493,spam,Reply to win Â£100 weekly! What professional sport does Tiger Woods play? Send STOP to 87239 to end service
1502,spam,"You've won tkts to the EURO2004 CUP FINAL or Â£800 CASH, to collect CALL 09058099801 b4190604, POBOX 7876150ppm"
1504,spam,"Loan for any purpose Â£500 - Â£75,000. Homeowners + Tenants welcome. Have you been previously refused? We can still help. Call Free 0800 1956669 or text back 'help'"
1529,spam,You are now unsubscribed all services. Get tons of sexy babes or hunks straight to your phone! go to http://gotbabes.co.uk. No subscriptions.
1533,spam,Get a brand new mobile phone by being an agent of The Mob! Plus loads more goodies! For more info just text MAT to 87021.
1555,spam,Good Luck! Draw takes place 28th Feb 06. Good Luck! For removal send STOP to 87239 customer services 08708034412
1561,spam,Free entry in 2 a weekly comp for a chance to win an ipod. Txt POD to 80182 to get entry (std txt rate) T&C's apply 08452810073 for details 18+
1570,spam,sexy sexy cum and text me im wet and warm and ready for some porn! u up for some fun? THIS MSG IS FREE RECD MSGS 150P INC VAT 2 CANCEL TEXT STOP
1576,spam,Hard LIVE 121 chat just 60p/min. Choose your girl and connect LIVE. Call 09094646899 now! Cheap Chat UK's biggest live service. VU BCM1896WC1N3XX
1577,spam,Not heard from U4 a while. Call 4 rude chat private line 01223585334 to cum. Wan 2C pics of me gettin shagged then text PIX to 8552. 2End send STOP 8552 SAM xxx
1583,spam,"HOT LIVE FANTASIES call now 08707509020 Just 20p per min NTT Ltd, PO Box 1327 Croydon CR9 5WB 0870..k"
1594,spam,"This is the 2nd time we have tried 2 contact u. U have won the 750 Pound prize. 2 claim is easy, call 08712101358 NOW! Only 10p per min. BT-national-rate"
1608,spam,URGENT! We are trying to contact U. Todays draw shows that you have won a Â£2000 prize GUARANTEED. Call 09066358361 from land line. Claim Y87. Valid 12hrs only
1614,spam,"SIX chances to win CASH! From 100 to 20,000 pounds txt> CSH11 and send to 87575. Cost 150p/day, 6days, 16+ TsandCs apply Reply HL 4 info"
1644,spam,"Someone U know has asked our dating service 2 contact you! Cant Guess who? CALL 09058097189 NOW all will be revealed. POBox 6, LS15HB 150p "
1649,spam,This message is free. Welcome to the new & improved Sex & Dogging club! To unsubscribe from this service reply STOP. msgs@150p 18 only
1692,spam,FREE MSG:We billed your mobile number by mistake from shortcode 83332.Please call 08081263000 to have charges refunded.This call will be free from a BT landline
1695,spam,Please CALL 08712402972 immediately as there is an urgent message waiting for you
1698,spam,URGENT! Your Mobile number has been awarded with a Â£2000 Bonus Caller Prize. Call 09058095201 from land line. Valid 12hrs only
1700,spam,"As a valued customer, I am pleased to advise you that following recent review of your Mob No. you are awarded with a Â£1500 Bonus Prize, call 09066364589"
1704,spam,Do you want a New Nokia 3510i colour phone DeliveredTomorrow? With 300 free minutes to any mobile + 100 free texts + Free Camcorder reply or call 08000930705
1709,spam,LIFE has never been this much fun and great until you came in. You made it truly special for me. I won't forget you! enjoy @ one gbp/sms
1710,spam,"As a valued customer, I am pleased to advise you that following recent review of your Mob No. you are awarded with a Â£1500 Bonus Prize, call 09066368470"
1711,spam,Freemsg: 1-month unlimited free calls! Activate SmartCall Txt: CALL to No: 68866. Subscriptn3gbp/wk unlimited calls Help: 08448714184 Stop?txt stop landlineonly
1712,spam,Am new 2 club & dont fink we met yet Will B gr8 2 C U Please leave msg 2day wiv ur area 09099726553 reply promised CARLIE x CallsÂ£1/minMobsmore LKPOBOX177HP51FL
1716,spam,Camera - You are awarded a SiPix Digital Camera! call 09061221066 fromm landline. Delivery within 28 days.
1721,spam,Save money on wedding lingerie at www.bridal.petticoatdreams.co.uk Choose from a superb selection with national delivery. Brought to you by WeddingFriend
1731,spam,Bloomberg -Message center +447797706009 Why wait? Apply for your future http://careers. bloomberg.com
1741,spam,Do you want a NEW video phone750 anytime any network mins 150 text for only five pounds per week call 08000776320 now or reply for delivery tomorrow
1747,spam,"You are being contacted by our dating service by someone you know! To find out who it is, call from a land line 09050000878. PoBox45W2TG150P"
1750,spam,Dorothy@kiefer.com (Bank of Granite issues Strong-Buy) EXPLOSIVE PICK FOR OUR MEMBERS *****UP OVER 300% *********** Nasdaq Symbol CDGT That is a $5.00 per..
1764,spam,"You are a Â£1000 winner or Guaranteed Caller Prize, this is our Final attempt to contact you! To Claim Call 09071517866 Now! 150ppmPOBox10183BhamB64XE"
1785,spam,Customer Loyalty Offer:The NEW Nokia6650 Mobile from ONLY Â£10 at TXTAUCTION! Txt word: START to No: 81151 & get yours Now! 4T&Ctxt TC 150p/MTmsg
1792,spam,Hi 07734396839 IBH Customer Loyalty Offer: The NEW NOKIA6600 Mobile from ONLY Â£10 at TXTAUCTION!Txt word:START to No:81151 & get Yours Now!4T&
1793,spam,I am hot n horny and willing I live local to you - text a reply to hear strt back from me 150p per msg Netcollex LtdHelpDesk: 02085076972 reply Stop to end
1797,spam,Do you want a New Nokia 3510i Colour Phone Delivered Tomorrow? With 200 FREE minutes to any mobile + 100 FREE text + FREE camcorder Reply or Call 08000930705
1815,spam,Get the official ENGLAND poly ringtone or colour flag on yer mobile for tonights game! Text TONE or FLAG to 84199. Optout txt ENG STOP Box39822 W111WX Â£1.50
1819,spam,"Customer service announcement. We recently tried to make a delivery to you but were unable to do so, please call 07090298926 to re-schedule. Ref:9307622"
1837,spam,You have won a Nokia 7250i. This is what you get when you win our FREE auction. To take part send Nokia to 86021 now. HG/Suite342/2Lands Row/W1JHL 16+
1839,spam,Promotion Number: 8714714 - UR awarded a City Break and could WIN a Â£200 Summer Shopping spree every WK. Txt STORE to 88039 . SkilGme. TsCs087147403231Winawk!Age16 Â£1.50perWKsub
1854,spam,Free Top ringtone -sub to weekly ringtone-get 1st week free-send SUBPOLY to 81618-?3 per week-stop sms-08718727870
1862,spam,"Hi there, 2nights ur lucky night! Uve been invited 2 XCHAT, the Uks wildest chat! Txt CHAT to 86688 now! 150p/MsgrcvdHG/Suite342/2Lands/Row/W1J6HL LDN 18yrs"
1877,spam,Bloomberg -Message center +447797706009 Why wait? Apply for your future http://careers. bloomberg.com
1881,spam,FREE for 1st week! No1 Nokia tone 4 ur mob every week just txt NOKIA to 8007 Get txting and tell ur mates www.getzed.co.uk POBox 36504 W45WQ norm150p/tone 16+
1894,spam,"Want to funk up ur fone with a weekly new tone reply TONES2U 2 this text. www.ringtones.co.uk, the original n best. Tones 3GBP network operator rates apply"
1900,spam,We tried to contact you re your reply to our offer of a Video Handset? 750 anytime any networks mins? UNLIMITED TEXT? Camcorder? Reply or call 08000930705 NOW
1903,spam,URGENT! We are trying to contact you. Last weekends draw shows that you have won a Â£900 prize GUARANTEED. Call 09061701851. Claim code K61. Valid 12hours only
1909,spam,74355 XMAS iscoming & ur awarded either Â£500 CD gift vouchers & free entry 2 r Â£100 weekly draw txt MUSIC to 87066 TnC
1942,spam,A link to your picture has been sent. You can also use http://alto18.co.uk/wave/wave.asp?o=44345
1945,spam,"Double Mins & 1000 txts on Orange tariffs. Latest Motorola, SonyEricsson & Nokia with Bluetooth FREE! Call MobileUpd8 on 08000839402 or call2optout/HF8"
1946,spam,URGENT This is our 2nd attempt to contact U. Your Â£900 prize from YESTERDAY is still awaiting collection. To claim CALL NOW 09061702893. ACL03530150PM
1947,spam,Dear Dave this is your final notice to collect your 4* Tenerife Holiday or #5000 CASH award! Call 09061743806 from landline. TCs SAE Box326 CW25WX 150ppm
1948,spam,tells u 2 call 09066358152 to claim Â£5000 prize. U have 2 enter all ur mobile & personal details @ the prompts. Careful!
1952,spam,Your 2004 account for 07XXXXXXXXX shows 786 unredeemed points. To claim call 08719181259 Identifier code: XXXXX Expires 26.03.05
1956,spam,You have an important customer service announcement. Call FREEPHONE 0800 542 0825 now!
1960,spam,FREE>Ringtone! Reply REAL or POLY eg REAL1 1. PushButton 2. DontCha 3. BabyGoodbye 4. GoldDigger 5. WeBeBurnin 1st tone FREE and 6 more when u join for Â£3/wk
1981,spam,"You have been specially selected to receive a ""3000 award! Call 08712402050 BEFORE the lines close. Cost 10ppm. 16+. T&Cs apply. AG Promo"
1990,spam,ringtoneking 84484
1995,spam,(Bank of Granite issues Strong-Buy) EXPLOSIVE PICK FOR OUR MEMBERS *****UP OVER 300% *********** Nasdaq Symbol CDGT That is a $5.00 per..
1999,spam,We tried to call you re your reply to our sms for a video mobile 750 mins UNLIMITED TEXT free camcorder Reply or call now 08000930705 Del Thurs
2000,spam,"This is the 2nd time we have tried to contact u. U have won the Â£400 prize. 2 claim is easy, just call 087104711148 NOW! Only 10p per minute. BT-national-rate"
2005,spam,"Wan2 win a Meet+Greet with Westlife 4 U or a m8? They are currently on what tour? 1)Unbreakable, 2)Untamed, 3)Unkempt. Text 1,2 or 3 to 83049. Cost 50p +std text"
2023,spam,Win a Â£1000 cash prize or a prize worth Â£5000
2030,spam,"This weeks SavaMob member offers are now accessible. Just call 08709501522 for details! SavaMob, POBOX 139, LA3 2WU. Only Â£1.50/week. SavaMob - offers mobile!"
2034,spam,TBS/PERSOLVO. been chasing us since Sept forÂ£38 definitely not paying now thanks to your information. We will ignore them. Kath. Manchester.
2036,spam,Loans for any purpose even if you have Bad Credit! Tenants Welcome. Call NoWorriesLoans.com on 08717111821
2038,spam,87077: Kick off a new season with 2wks FREE goals & news to ur mobile! Txt ur club name to 87077 eg VILLA to 87077
2045,spam,We tried to call you re your reply to our sms for a video mobile 750 mins UNLIMITED TEXT + free camcorder Reply of call 08000930705 Now
2063,spam,"SPJanuary Male Sale! Hot Gay chat now cheaper, call 08709222922. National rate from 1.5p/min cheap to 7.8p/min peak! To stop texts call 08712460324 (10p/min)"
2074,spam,Please call Amanda with regard to renewing or upgrading your current T-Mobile handset free of charge. Offer ends today. Tel 0845 021 3680 subject to T's and C's
2084,spam,Congrats! Nokia 3650 video camera phone is your Call 09066382422 Calls cost 150ppm Ave call 3mins vary from mobiles 16+ Close 300603 post BCM4284 Ldn WC1N3XX
2091,spam,"Urgent! Please call 0906346330. Your ABTA complimentary 4* Spanish Holiday or Â£10,000 cash await collection SAE T&Cs BOX 47 PO19 2EZ 150ppm 18+"
2099,spam,"Want to funk up ur fone with a weekly new tone reply TONES2U 2 this text. www.ringtones.co.uk, the original n best. Tones 3GBP network operator rates apply"
2106,spam,Missed call alert. These numbers called but left no message. 07008009200
2118,spam,"U can WIN Â£100 of Music Gift Vouchers every week starting NOW Txt the word DRAW to 87066 TsCs www.Idew.com SkillGame, 1Winaweek, age16. 150ppermessSubscription"
2121,spam,Show ur colours! Euro 2004 2-4-1 Offer! Get an England Flag & 3Lions tone on ur phone! Click on the following service message for info!
2124,spam,"accordingly. I repeat, just text the word ok on your mobile phone and send"
2140,spam,WINNER!! As a valued network customer you have been selected to receivea Â£900 prize reward! To claim call 09061701461. Claim code KL341. Valid 12 hours only.
2147,spam,Kit Strip - you have been billed 150p. Netcollex Ltd. PO Box 1013 IG11 OJA
2148,spam,Please CALL 08712402578 immediately as there is an urgent message waiting for you
2149,spam,"WELL DONE! Your 4* Costa Del Sol Holiday or Â£5000 await collection. Call 09050090044 Now toClaim. SAE, TCs, POBox334, Stockport, SK38xh, CostÂ£1.50/pm, Max10mins"
2155,spam,Someone U know has asked our dating service 2 contact you! Cant Guess who? CALL 09058091854 NOW all will be revealed. PO BOX385 M6 6WU
2164,spam,"Congrats! 2 mobile 3G Videophones R yours. call 09061744553 now! videochat wid ur mates, play java games, Dload polyH music, noline rentl. bx420. ip4. 5we. 150pm"
2177,spam,important information 4 orange user 0789xxxxxxx. today is your lucky day!2find out why log onto http://www.urawinner.com THERE'S A FANTASTIC SURPRISE AWAITING YOU!
2179,spam,"Our dating service has been asked 2 contact U by someone shy! CALL 09058091870 NOW all will be revealed. POBox84, M26 3UZ 150p"
2185,spam,Do you want a new Video handset? 750 any time any network mins? UNLIMITED TEXT? Camcorder? Reply or Call now 08000930705 for del Sat AM
2186,spam,"Ur balance is now Â£600. Next question: Complete the landmark, Big, A. Bob, B. Barry or C. Ben ?. Text A, B or C to 83738. Good luck!"
2188,spam,"If you don't, your prize will go to another customer. T&C at www.t-c.biz 18+ 150p/min Polo Ltd Suite 373 London W1J 6HL Please call back if busy"
2203,spam,As one of our registered subscribers u can enter the draw 4 a 100 G.B. gift voucher by replying with ENTER. To unsubscribe text STOP
2236,spam,3. You have received your mobile content. Enjoy
2237,spam,Want explicit SEX in 30 secs? Ring 02073162414 now! Costs 20p/min
2249,spam,"Latest Nokia Mobile or iPOD MP3 Player +Â£400 proze GUARANTEED! Reply with: WIN to 83355 now! Norcorp Ltd.Â£1,50/Mtmsgrcvd18+"
2258,spam,"Congrats! 2 mobile 3G Videophones R yours. call 09061744553 now! videochat wid ur mates, play java games, Dload polyH music, noline rentl. bx420. ip4. 5we. 150pm"
2263,spam,"I want some cock! My hubby's away, I need a real man 2 satisfy me. Txt WIFE to 89938 for no strings action. (Txt STOP 2 end, txt rec Â£1.50ea. OTBox 731 LA1 7WS. )"
2271,spam,FreeMsg Hi baby wow just got a new cam moby. Wanna C a hot pic? or Fancy a chat?Im w8in 4uTxt / rply CHAT to 82242 Hlp 08712317606 Msg150p 2rcv
2285,spam,Wanna have a laugh? Try CHIT-CHAT on your mobile now! Logon by txting the word: CHAT and send it to No: 8883 CM PO Box 4217 London W1A 6ZF 16+ 118p/msg rcvd
2288,spam,Congratulations ur awarded 500 of CD vouchers or 125gift guaranteed & Free entry 2 100 wkly draw txt MUSIC to 87066
2289,spam,"Urgent! call 09066350750 from your landline. Your complimentary 4* Ibiza Holiday or 10,000 cash await collection SAE T&Cs PO BOX 434 SK3 8WP 150 ppm 18+"
2293,spam,"Mila, age23, blonde, new in UK. I look sex with UK guys. if u like fun with me. Text MTALK to 69866.18 . 30pp/txt 1st 5free. Â£1.50 increments. Help08718728876"
2314,spam,Todays Voda numbers ending with 7634 are selected to receive a Â£350 reward. If you have a match please call 08712300220 quoting claim code 7684 standard rates apply.
2321,spam,You are being ripped off! Get your mobile content from www.clubmoby.com call 08717509990 poly/true/Pix/Ringtones/Games six downloads for only 3
2323,spam,We tried to contact you re your reply to our offer of a Video Phone 750 anytime any network mins Half Price Line Rental Camcorder Reply or call 08000930705
2336,spam,"Customer service announcement. We recently tried to make a delivery to you but were unable to do so, please call 07099833605 to re-schedule. Ref:9280114"
2350,spam,"WIN: We have a winner! Mr. T. Foley won an iPod! More exciting prizes soon, so keep an eye on ur mobile or visit www.win-82050.co.uk"
2362,spam,"FREE GAME. Get Rayman Golf 4 FREE from the O2 Games Arcade. 1st get UR games settings. Reply POST, then save & activ8. Press 0 key for Arcade. Termsapply"
2367,spam,Buy Space Invaders 4 a chance 2 win orig Arcade Game console. Press 0 for Games Arcade (std WAP charge) See o2.co.uk/games 4 Terms + settings. No purchase
2379,spam,URGENT! Your Mobile number has been awarded with a Â£2000 prize GUARANTEED. Call 09061790121 from land line. Claim 3030. Valid 12hrs only 150ppm
2398,spam,URGENT This is our 2nd attempt to contact U. Your Â£900 prize from YESTERDAY is still awaiting collection. To claim CALL NOW 09061702893
2410,spam,Check Out Choose Your Babe Videos @ sms.shsex.netUN fgkslpoPW fgkslpo
2411,spam,u r a winner U ave been specially selected 2 receive Â£1000 cash or a 4* holiday (flights inc) speak to a live operator 2 claim 0871277810710p/min (18 )
2420,spam,PRIVATE! Your 2003 Account Statement for shows 800 un-redeemed S. I. M. points. Call 08715203652 Identifier Code: 42810 Expires 29/10/0
2422,spam,YOU HAVE WON! As a valued Vodafone customer our computer has picked YOU to win a Â£150 prize. To collect is easy. Just call 09061743386 
2431,spam,**FREE MESSAGE**Thanks for using the Auction Subscription Service. 18 . 150p/MSGRCVD 2 Skip an Auction txt OUT. 2 Unsubscribe txt STOP CustomerCare 08718726270
2438,spam,lyricalladie(21/F) is inviting you to be her friend. Reply YES-910 or NO-910. See her: www.SMS.ac/u/hmmross STOP? Send STOP FRND to 62468
2439,spam,No 1 POLYPHONIC tone 4 ur mob every week! Just txt PT2 to 87575. 1st Tone FREE ! so get txtin now and tell ur friends. 150p/tone. 16 reply HL 4info
2450,spam,"ou are guaranteed the latest Nokia Phone, a 40GB iPod MP3 player or a Â£500 prize! Txt word: COLLECT to No: 83355! IBHltd LdnW15H 150p/Mtmsgrcvd18"
2451,spam,* FREE* POLYPHONIC RINGTONE Text SUPER to 87131 to get your FREE POLY TONE of the week now! 16 SN PoBox202 NR31 7ZS subscription 450pw
2465,spam,"Hi, the SEXYCHAT girls are waiting for you to text them. Text now for a great night chatting. send STOP to stop this service"
2474,spam,"Hi this is Amy, we will be sending you a free phone number in a couple of days, which will give you an access to all the adult parties..."
2476,spam,"Welcome to Select, an O2 service with added benefits. You can now call our specially trained advisors FREE from your mobile by dialling 402."
2482,spam,Dear Voucher holder Have your next meal on us. Use the following link on your pc 2 enjoy a 2 4 1 dining experiencehttp://www.vouch4me.com/etlp/dining.asp
2483,spam,URGENT! We are trying to contact U. Todays draw shows that you have won a Â£2000 prize GUARANTEED. Call 09058094507 from land line. Claim 3030. Valid 12hrs only
2492,spam,goldviking (29/M) is inviting you to be his friend. Reply YES-762 or NO-762 See him: www.SMS.ac/u/goldviking STOP? Send STOP FRND to 62468
2495,spam,Phony Â£350 award - Todays Voda numbers ending XXXX are selected to receive a Â£350 award. If you have a match please call 08712300220 quoting claim code 3100 standard rates app
2513,spam,Ur cash-balance is currently 500 pounds - to maximize ur cash-in now send GO to 86688 only 150p/meg. CC: 08718720201 HG/Suite342/2lands Row/W1j6HL
2518,spam,You won't believe it but it's true. It's Incredible Txts! Reply G now to learn truly amazing things that will blow your mind. From O2FWD only 18p/txt
2520,spam,Natalie (20/F) is inviting you to be her friend. Reply YES-165 or NO-165 See her: www.SMS.ac/u/natalie2k9 STOP? Send STOP FRND to 62468
2521,spam,Jamster! To get your free wallpaper text HEART to 88888 now! T&C apply. 16 only. Need Help? Call 08701213186.
2527,spam,Double Mins & Double Txt & 1/2 price Linerental on Latest Orange Bluetooth mobiles. Call MobileUpd8 for the very latest offers. 08000839402 or call2optout/LF56
2535,spam,5p 4 alfie Moon's Children in need song on ur mob. Tell ur m8s. Txt Tone charity to 8007 for Nokias or Poly charity for polys: zed 08701417012 profit 2 charity.
2536,spam,WIN a Â£200 Shopping spree every WEEK Starting NOW. 2 play text STORE to 88039. SkilGme. TsCs08714740323 1Winawk! age16 Â£1.50perweeksub.
2539,spam,Do you want a New Nokia 3510i colour phone DeliveredTomorrow? With 300 free minutes to any mobile + 100 free texts + Free Camcorder reply or call 08000930705.
2558,spam,"Get 3 Lions England tone, reply lionm 4 mono or lionp 4 poly. 4 more go 2 www.ringtones.co.uk, the original n best. Tones 3GBP network operator rates apply."
2569,spam,"YOU VE WON! Your 4* Costa Del Sol Holiday or Â£5000 await collection. Call 09050090044 Now toClaim. SAE, TC s, POBox334, Stockport, SK38xh, CostÂ£1.50/pm, Max10mins"
2571,spam,FREE for 1st week! No1 Nokia tone 4 ur mobile every week just txt NOKIA to 8077 Get txting and tell ur mates. www.getzed.co.uk POBox 36504 W45WQ 16+ norm150p/tone
2574,spam,Get your garden ready for summer with a FREE selection of summer bulbs and seeds worth Â£33:50 only with The Scotsman this Saturday. To stop go2 notxt.co.uk
2595,spam,ree entry in 2 a weekly comp for a chance to win an ipod. Txt POD to 80182 to get entry (std txt rate) T&C's apply 08452810073 for details 18+
2601,spam,"YOU VE WON! Your 4* Costa Del Sol Holiday or Â£5000 await collection. Call 09050090044 Now toClaim. SAE, TC s, POBox334, Stockport, SK38xh, CostÂ£1.50/pm, Max10mins"
2603,spam,Had your mobile 11mths ? Update for FREE to Oranges latest colour camera mobiles & unlimited weekend calls. Call Mobile Upd8 on freefone 08000839402 or 2StopTxt
2619,spam,Someonone you know is trying to contact you via our dating service! To find out who it could be call from your mobile or landline 09064015307 BOX334SK38ch 
2635,spam,"If you don't, your prize will go to another customer. T&C at www.t-c.biz 18+ 150p/min Polo Ltd Suite 373 London W1J 6HL Please call back if busy "
2643,spam,"URGENT! You have won a 1 week FREE membership in our Â£100,000 Prize Jackpot! Txt the word: CLAIM to No: 81010 T&C www.dbuk.net LCCLTD POBOX 4403LDNW1A7RW18"
2683,spam,Camera - You are awarded a SiPix Digital Camera! call 09061221066 fromm landline. Delivery within 28 days.
2689,spam,The current leading bid is 151. To pause this auction send OUT. Customer Care: 08718726270
2691,spam,You have 1 new message. Call 0207-083-6089
2714,spam,Santa Calling! Would your little ones like a call from Santa Xmas eve? Call 09058094583 to book your time.
2722,spam,You have won a guaranteed 32000 award or maybe even Â£1000 cash to claim ur award call free on 0800 ..... (18+). Its a legitimat efreefone number wat do u think???
2725,spam,"Latest News! Police station toilet stolen, cops have nothing to go on!"
2734,spam,Get your garden ready for summer with a FREE selection of summer bulbs and seeds worth Â£33:50 only with The Scotsman this Saturday. To stop go2 notxt.co.uk
2744,spam,2p per min to call Germany 08448350055 from your BT line. Just 2p per min. Check PlanetTalkInstant.com for info & T's & C's. Text stop to opt out
2749,spam,"SMS SERVICES. for your inclusive text credits, pls goto www.comuk.net login= 3qxj9 unsubscribe with STOP, no extra charge. help 08702840625.COMUK. 220-CM2 9AE"
2751,spam,PRIVATE! Your 2003 Account Statement for 07808247860 shows 800 un-redeemed S. I. M. points. Call 08719899229 Identifier Code: 40411 Expires 06/11/04
2769,spam,Want explicit SEX in 30 secs? Ring 02073162414 now! Costs 20p/min Gsex POBOX 2667 WC1N 3XX
2774,spam,"Had your contract mobile 11 Mnths? Latest Motorola, Nokia etc. all FREE! Double Mins & Text on Orange tariffs. TEXT YES for callback, no to remove from records."
2784,spam,"This is the 2nd time we have tried 2 contact u. U have won the Â£750 Pound prize. 2 claim is easy, call 087187272008 NOW1! Only 10p per minute. BT-national-rate."
0,ham,Ok lar... Joking wif u oni...
1,ham,U dun say so early hor... U c already then say...
2,ham,As per your request 'Melle Melle (Oru Minnaminunginte Nurungu Vettam)' has been set as your callertune for all Callers. Press *9 to copy your friends Callertune
3,ham,I've been searching for the right words to thank you for this breather. I promise i wont take your help for granted and will fulfil my promise. You have been wonderful and a blessing at all times.
4,ham,Eh u remember how 2 spell his name... Yes i did. He v naughty make until i v wet.
5,ham,Iâ€˜m going to try for 2 months ha ha only joking
6,ham,Aft i finish my lunch then i go str down lor. Ard 3 smth lor. U finish ur lunch already?
7,ham,Just forced myself to eat a slice. I'm really not hungry tho. This sucks. Mark is getting worried. He knows I'm sick when I turn down pizza. Lol
8,ham,Did you catch the bus ? Are you frying an egg ? Did you make a tea? Are you eating your mom's left over dinner ? Do you feel my Love ?
9,ham,Ahhh. Work. I vaguely remember that! What does it feel like? Lol
10,ham,Yeah he got in at 2 and was v apologetic. n had fallen out and she was actin like spoilt child and he got caught up in that. Till 2! But we won't go there! Not doing too badly cheers. You? 
11,ham,For fear of fainting with the of all that housework you just did? Quick have a cuppa
12,ham,Yup... Ok i go home look at the timings then i msg Ã¼ again... Xuhui going to learn on 2nd may too but her lesson is at 8am
13,ham,I see the letter B on my car
14,ham,Hello! How's you and how did saturday go? I was just texting to see if you'd decided to do anything tomo. Not that i'm trying to invite myself or anything!
15,ham,"Did I forget to tell you ? I want you , I need you, I crave you ... But most of all ... I love you my sweet Arabian steed ... Mmmmmm ... Yummy"
16,ham,WHO ARE YOU SEEING?
17,ham,No calls..messages..missed calls
18,ham,"Fair enough, anything going on?"
19,ham,U don't know how stubborn I am. I didn't even want to go to the hospital. I kept telling Mark I'm not a weak sucker. Hospitals are for weak suckers.
20,ham,"A gram usually runs like  &lt;#&gt; , a half eighth is smarter though and gets you almost a whole second gram for  &lt;#&gt;"
21,ham,"Wow. I never realized that you were so embarassed by your accomodations. I thought you liked it, since i was doing the best i could and you always seemed so happy about ""the cave"". I'm sorry I didn't and don't have more to give. I'm sorry i offered. I'm sorry your room was so embarassing."
22,ham,Do you know what Mallika Sherawat did yesterday? Find out now @  &lt;URL&gt;
23,ham,"Sorry, I'll call later in meeting."
24,ham,Yes..gauti and sehwag out of odi series.
25,ham,Ha ha ha good joke. Girls are situation seekers.
26,ham,"Sorry my roommates took forever, it ok if I come by now?"
27,ham,I plane to give on this month end.
28,ham,Finished class where are you.
29,ham,K..k:)where are you?how did you performed?
30,ham,I am waiting machan. Call me once you free.
31,ham,I like you peoples very much:) but am very shy pa.
32,ham,Its not the same here. Still looking for a job. How much do Ta's earn there.
33,ham,K. Did you call me just now ah? 
34,ham,You will be in the place of that man
35,ham,"I call you later, don't have network. If urgnt, sms me."
36,ham,Yes I started to send requests to make it but pain came back so I'm back in bed. Double coins at the factory too. I gotta cash in all my nitros.
37,ham,"Ela kano.,il download, come wen ur free.."
38,ham,Sorry to be a pain. Is it ok if we meet another night? I spent late afternoon in casualty and that means i haven't done any of y stuff42moro and that includes all my time sheets and that. Sorry. 
39,ham,i see. When we finish we have loads of loans to pay
40,ham,I see a cup of coffee animation
41,ham,Okay name ur price as long as its legal! Wen can I pick them up? Y u ave x ams xx
42,ham,As per your request 'Melle Melle (Oru Minnaminunginte Nurungu Vettam)' has been set as your callertune for all Callers. Press *9 to copy your friends Callertune
43,ham,Umma my life and vava umma love you lot dear
44,ham,"Aight, I'll hit you up when I get some cash"
45,ham,I know! Grumpy old people. My mom was like you better not be lying. Then again I am always the one to play jokes...
46,ham,What is the plural of the noun research?
47,ham,I'm ok wif it cos i like 2 try new things. But i scared u dun like mah. Cos u said not too loud.
48,ham,"Wa, ur openin sentence very formal... Anyway, i'm fine too, juz tt i'm eatin too much n puttin on weight...Haha... So anythin special happened?"
49,ham,Hmm...my uncle just informed me that he's paying the school directly. So pls buy food.
50,ham,Ãœ predict wat time Ã¼'ll finish buying?
51,ham,"Just so that you know,yetunde hasn't sent money yet. I just sent her a text not to bother sending. So its over, you dont have to involve yourself in anything. I shouldn't have imposed anything on you in the first place so for that, i apologise."
52,ham,HEY GIRL. HOW R U? HOPE U R WELL ME AN DEL R BAK! AGAIN LONG TIME NO C! GIVE ME A CALL SUM TIME FROM LUCYxx
53,ham,I'm home.
54,ham,First answer my question.
55,ham,He is there. You call and meet him
56,ham,"K, text me when you're on the way"
57,ham,"A swt thought: ""Nver get tired of doing little things 4 lovable persons.."" Coz..somtimes those little things occupy d biggest part in their Hearts.. Gud ni8"
58,ham,Yes see ya not on the dot
59,ham,K..i deleted my contact that why?
60,ham,The wine is flowing and i'm i have nevering..
61,ham,Ok... Ur typical reply...
62,ham,"You are everywhere dirt, on the floor, the windows, even on my shirt. And sometimes when i open my mouth, you are all that comes flowing out. I dream of my world without you, then half my chores are out too. A time of joy for me, lots of tv shows i.ll see. But i guess like all things you just must exist, like rain, hail and mist, and when my time here is done, you and i become one."
63,ham,I'm leaving my house now...
64,ham,Keep yourself safe for me because I need you and I miss you already and I envy everyone that see's you in real life
65,ham,I'm so in love with you. I'm excited each day i spend with you. You make me so happy.
66,ham,Great escape. I fancy the bridge but needs her lager. See you tomo 
67,ham,"Sir, I need AXIS BANK account no and bank address."
68,ham,What time you coming down later? 
69,ham,"Well, i'm gonna finish my bath now. Have a good...fine night."
70,ham,U still going to the mall?
71,ham,Text her. If she doesnt reply let me know so i can have her log in
72,ham,You lifted my hopes with the offer of money. I am in need. Especially when the end of the month approaches and it hurts my studying. Anyways have a gr8 weekend
73,ham,ok. I am a gentleman and will treat you with dignity and respect.
74,ham,Going on nothing great.bye
75,ham,"Haha awesome, be there in a minute"
76,ham,Have you got Xmas radio times. If not i will get it now
77,ham,Hi :)finally i completed the course:)
78,ham,How are you doing? Hope you've settled in for the new school year. Just wishin you a gr8 day
79,ham,Did u got that persons story
80,ham,Hi its Kate how is your evening? I hope i can see you tomorrow for a bit but i have to bloody babyjontet! Txt back if u can. :) xxx
81,ham,I sent you  &lt;#&gt;  bucks
82,ham,Your account has been refilled successfully by INR  &lt;DECIMAL&gt; . Your KeralaCircle prepaid account balance is Rs  &lt;DECIMAL&gt; . Your Transaction ID is KR &lt;#&gt; .
83,ham,U call me alter at 11 ok.
84,ham,"As I entered my cabin my PA said, '' Happy B'day Boss !!''. I felt special. She askd me 4 lunch. After lunch she invited me to her apartment. We went there."
85,ham,You please give us connection today itself before  &lt;DECIMAL&gt;  or refund the bill
86,ham,"What's up bruv, hope you had a great break. Do have a rewarding semester."
87,ham,K:)k:)good:)study well.
88,ham,Sounds great! Are you home now?
89,ham,Tired. I haven't slept well the past few nights.
90,ham,I have to take exam with march 3
91,ham,Ok no prob. Take ur time.
92,ham,"Sorry, I'll call later"
93,ham,"Life is more strict than teacher... Bcoz Teacher teaches lesson &amp; then conducts exam, But Life first conducts Exam &amp; then teaches Lessons. Happy morning. . ."
94,ham,Get down in gandhipuram and walk to cross cut road. Right side &lt;#&gt; street road and turn at first right.
95,ham,"Sorry battery died, yeah I'm here"
96,ham,Or ill be a little closer like at the bus stop on the same street
97,ham,"New Theory: Argument wins d SITUATION, but loses the PERSON. So dont argue with ur friends just.. . . . kick them &amp; say, I'm always correct.!"
98,ham,Tomarrow final hearing on my laptop case so i cant.
99,ham,"Okay. No no, just shining on. That was meant to be signing, but that sounds better."
100,ham,U don't remember that old commercial?
101,ham,I asked you to call him now ok
102,ham,It didnt work again oh. Ok goodnight then. I.ll fix and have it ready by the time you wake up. You are very dearly missed have a good night sleep.
103,ham,Ranjith cal drpd Deeraj and deepak 5min hold
104,ham,What you doing?how are you?
105,ham,"I'm back, lemme know when you're ready"
106,ham,Mmm so yummy babe ... Nice jolt to the suzy
107,ham,Yup
108,ham,MY NO. IN LUTON 0125698789 RING ME IF UR AROUND! H*
109,ham,Why you Dint come with us.
110,ham,"Not sure yet, still trying to get a hold of him"
111,ham,The evo. I just had to download flash. Jealous?
112,ham,"Come to mu, we're sorting out our narcotics situation"
113,ham,No objection. My bf not coming.
114,ham,Tell rob to mack his gf in the theater
115,ham,Just sent it. So what type of food do you like?
116,ham,You got called a tool?
117,ham,Ok. I asked for money how far
118,ham,"Yeah I think my usual guy's still passed out from last night, if you get ahold of anybody let me know and I'll throw down"
119,ham,Ok..
120,ham,"My life Means a lot to me, Not because I love my life, But because I love the people in my life, The world calls them friends, I call them my World:-).. Ge:-).."
121,ham,Hey you told your name to gautham ah?
122,ham,Oops. 4 got that bit.
123,ham,I accidentally deleted the message. Resend please.
124,ham,Unless it's a situation where YOU GO GURL would be more appropriate
125,ham,I cant pick the phone right now. Pls send a message
126,ham,"Awesome, I remember the last time we got somebody high for the first time with diesel :V"
127,ham,Oh and by the way you do have more food in your fridge! Want to go out for a meal tonight? 
128,ham,Jos ask if u wana meet up?
129,ham,Today is ACCEPT DAY..U Accept me as? Brother Sister Lover Dear1 Best1 Clos1 Lvblefrnd Jstfrnd Cutefrnd Lifpartnr Belovd Swtheart Bstfrnd No rply means enemy
130,ham,He says he'll give me a call when his friend's got the money but that he's definitely buying before the end of the week
131,ham,You made my day. Do have a great day too.
132,ham,"Hmmm... Guess we can go 4 kb n power yoga... Haha, dunno we can tahan power yoga anot... Thk got lo oso, forgot liao..."
133,ham,"Merry Christmas to you too babe, i love ya *kisses*"
134,ham,cud u tell ppl im gona b a bit l8 cos 2 buses hav gon past cos they were full & im still waitin 4 1. Pete x
135,ham,No problem. How are you doing?
136,ham,Hi da:)how is the todays class?
137,ham,"Cool, text me when you're parked"
138,ham,K.k:)apo k.good movie.
139,ham,Cool. So how come you havent been wined and dined before?
140,ham,"Sorry, I'll call later"
141,ham,Ok that's great thanx a lot.
142,ham,Where u been hiding stranger?
143,ham,My sister cleared two round in birla soft yesterday.
144,ham,Dis is yijue. I jus saw ur mail. In case huiming havent sent u my num. Dis is my num.
145,ham,"Nah can't help you there, I've never had an iphone"
146,ham,"TODAY is Sorry day.! If ever i was angry with you, if ever i misbehaved or hurt you? plz plz JUST SLAP URSELF Bcoz, Its ur fault, I'm basically GOOD"
147,ham,&lt;#&gt; ISH MINUTES WAS 5 MINUTES AGO. WTF.
148,ham,"I'm an actor. When i work, i work in the evening and sleep late. Since i'm unemployed at the moment, i ALWAYS sleep late. When you're unemployed, every day is saturday."
149,ham,Ha ha cool cool chikku chikku:-):-DB-)
150,ham,Check audrey's status right now
151,ham,"Good afternoon sunshine! How dawns that day ? Are we refreshed and happy to be alive? Do we breathe in the air and smile ? I think of you, my love ... As always"
152,ham,Wat uniform? In where get?
153,ham,"Hello my boytoy ... Geeee I miss you already and I just woke up. I wish you were here in bed with me, cuddling me. I love you ..."
154,ham,I'm going for bath will msg you next  &lt;#&gt;  min..
155,ham,You could have seen me..i did't recognise you Face.:)
156,ham,Keep my payasam there if rinu brings
157,ham,"I guess that's why you re worried. You must know that there's a way the body repairs itself. And i'm quite sure you shouldn't worry. We'll take it slow. First the tests, they will guide when your ovulation is then just relax. Nothing you've said is a reason to worry but i.ll keep on followin you up."
158,ham,Hey leave it. not a big deal:-) take care.
159,ham,Customer place i will call you.
160,ham,Huh so late... Fr dinner?
161,ham,Morning only i can ok.
162,ham,Pick you up bout 7.30ish? What time are  and that going?
163,ham,Was actually sleeping and still might when u call back. So a text is gr8. You rock sis. Will send u a text wen i wake.
164,ham,"Good evening Sir, Al Salam Wahleykkum.sharing a happy news.By the grace of God, i got an offer from Tayseer,TISSCO and i joined.Hope you are fine.Inshah Allah,meet you sometime.Rakhesh,visitor from India."
165,ham,The hair cream has not been shipped.
166,ham,"Yep, the great loxahatchee xmas tree burning of  &lt;#&gt;  starts in an hour"
167,ham,All was well until slightly disastrous class this pm with my fav darlings! Hope day off ok. Coffee wld be good as can't stay late tomorrow. Same time + place as always?
168,ham,Headin towards busetop
169,ham,Come by our room at some point so we can iron out the plan for this weekend
170,ham,"Okies... I'll go yan jiu too... We can skip ard oso, go cine den go mrt one, blah blah blah... "
171,ham,Alright i have a new goal now
172,ham,"Alright, I'll head out in a few minutes, text me where to meet you"
173,ham,Yes:)from last week itself i'm taking live call.
174,ham,Siva is in hostel aha:-.
175,ham,Send this to ur friends and receive something about ur voice..... How is my speaking expression? 1.childish 2.naughty 3.Sentiment 4.rowdy 5.ful of attitude 6.romantic 7.shy 8.Attractive 9.funny  &lt;#&gt; .irritating  &lt;#&gt; .lovable. reply me..
176,ham,aathi..where are you dear..
177,ham,7 at esplanade.. Do Ã¼ mind giving me a lift cos i got no car today..
178,ham,At home watching tv lor.
179,ham,You available now? I'm like right around hillsborough &amp;  &lt;#&gt; th
180,ham,"Ask g or iouri, I've told the story like ten times already"
181,ham,"Hi hope u get this txt~journey hasnt been gd,now about 50 mins late I think."
182,ham,Yes..he is really great..bhaji told kallis best cricketer after sachin in world:).very tough to get out.
183,ham,Oic... I saw him too but i tot he din c me... I found a group liao...
184,ham,"""HEY HEY WERETHE MONKEESPEOPLE SAY WE MONKEYAROUND! HOWDY GORGEOUS, HOWU DOIN? FOUNDURSELF A JOBYET SAUSAGE?LOVE JEN XXX"""
185,ham,"Well done, blimey, exercise, yeah, i kinda remember wot that is, hmm. "
186,ham,LOL ... Have you made plans for new years?
187,ham,hanks lotsly!
188,ham,K:)k:)what are detail you want to transfer?acc no enough?
189,ham,"LOOK AT AMY URE A BEAUTIFUL, INTELLIGENT WOMAN AND I LIKE U A LOT. I KNOW U DONÂ’T LIKE ME LIKE THAT SO DONÂ’T WORRY."
190,ham,"1.20 that call cost. Which i guess isnt bad. Miss ya, need ya, want ya, love ya"
191,ham,Where did u go? My phone is gonna die you have to stay in here
192,ham,Ok i am on the way to railway
193,ham,They don't put that stuff on the roads to keep it from getting slippery over there?
194,ham,"Yup, no need. I'll jus wait 4 e rain 2 stop."
195,ham,"Nothing. I meant that once the money enters your account here, the bank will remove its flat rate. Someone transfered  &lt;#&gt;  to my account and  &lt;#&gt; dollars got removed. So the banks differ and charges also differ.be sure you trust the 9ja person you are sending account details to cos..."
196,ham,Nice line said by a broken heart- Plz don't cum 1 more times infront of me... Other wise once again I ll trust U... Good 9t:)
197,ham,Love you aathi..love u lot..
198,ham,"K, can I pick up another 8th when you're done?"
199,ham,"Almost there, see u in a sec"
200,ham,Watching tv lor...
201,ham,You should change your fb to jaykwon thuglyfe falconerf
202,ham,"Depends on quality. If you want the type i sent boye, faded glory, then about 6. If you want ralphs maybe 2"
203,ham,"Sorry man my account's dry or I would, if you want we could trade back half or I could buy some shit with my credit card"
204,ham,"Sorry,in meeting I'll call later"
205,ham,Are you free now?can i call now?
206,ham,Nope... Think i will go for it on monday... Sorry i replied so late
207,ham,"Kate jackson rec center before 7ish, right?"
208,ham,"Fighting with the world is easy, u either win or lose bt fightng with some1 who is close to u is dificult if u lose - u lose if u win - u still lose."
209,ham,Check with nuerologist.
210,ham,"Maybe westshore or hyde park village, the place near my house?"
211,ham,What's the significance?
212,ham,"8 at the latest, g's still there if you can scrounge up some ammo and want to give the new ak a try"
213,ham,Lol ok your forgiven :)
214,ham,"That way transport is less problematic than on sat night. By the way, if u want to ask  n  to join my bday, feel free. But need to know definite nos as booking on fri. "
215,ham,But that's on ebay it might be less elsewhere.
216,ham,Were gonna go get some tacos
217,ham,Gudnite....tc...practice going on
218,ham,"I've not called you in a while. This is hoping it was l8r malaria and that you know that we miss you guys. I miss Bani big, so pls give her my love especially. Have a great day."
219,ham,"Probably gonna be here for a while, see you later tonight &lt;)"
220,ham,Ummmmmaah Many many happy returns of d day my dear sweet heart.. HAPPY BIRTHDAY dear
221,ham,But am going to college pa. What to do. are else ill come there it self. Pa.
222,ham,This girl does not stay in bed. This girl doesn't need recovery time. Id rather pass out while having fun then be cooped up in bed
223,ham,I know but you need to get hotel now. I just got my invitation but i had to apologise. Cali is to sweet for me to come to some english bloke's weddin
224,ham,Wait  &lt;#&gt;  min..
225,ham,"Imagine you finally get to sink into that bath after I have put you through your paces, maybe even having you eat me for a while before I left ... But also imagine the feel of that cage on your cock surrounded by the bath water, reminding you always who owns you ... Enjoy, my cuck"
226,ham,"Sure, if I get an acknowledgement from you that it's astoundingly tactless and generally faggy to demand a blood oath fo"
227,ham,Iâ€˜ll have a look at the frying pan in case itâ€˜s cheap or a book perhaps. No thatâ€˜s silly a frying pan isnâ€˜t likely to be a book
228,ham,Having lunch:)you are not in online?why?
229,ham,Hi Princess! Thank you for the pics. You are very pretty. How are you?
230,ham,Hi msg me:)i'm in office..
231,ham,Geeeee ... I love you so much I can barely stand it
232,ham,"Fuck babe ... I miss you already, you know ? Can't you let me send you some money towards your net ? I need you ... I want you ... I crave you ..."
233,ham,Oooh bed ridden ey? What are YOU thinking of?
234,ham,Love it! Daddy will make you scream with pleasure! I am going to slap your ass with my dick!
235,ham,Yar lor wait 4 my mum 2 finish sch then have lunch lor... I whole morning stay at home clean my room now my room quite clean... Hee...
236,ham,Can you open the door?
237,ham,Nope i waiting in sch 4 daddy... 
238,ham,"I'm tired of arguing with you about this week after week. Do what you want and from now on, i'll do the same."
239,ham,Huh so early.. Then Ã¼ having dinner outside izzit?
240,ham,So how's scotland. Hope you are not over showing your JJC tendencies. Take care. Live the dream
241,ham,"I dun thk i'll quit yet... Hmmm, can go jazz ? Yogasana oso can... We can go meet em after our lessons den... "
242,ham,Ya srsly better than yi tho
243,ham,"I met you as a stranger and choose you as my friend. As long as the world stands, our friendship never ends. Lets be Friends forever!!! Gud nitz..."
244,ham,Gud mrng dear have a nice day
245,ham,Will do. Was exhausted on train this morning. Too much wine and pie. You sleep well too
246,ham,Mind blastin.. No more Tsunamis will occur from now on.. Rajnikant stopped swimming in Indian Ocean..:-D
247,ham,Speaking of does he have any cash yet?
248,ham,Meet after lunch la...
249,ham,Neva mind it's ok..
250,ham,I have many dependents
251,ham,I called and said all to him:)then he have to choose this future.
252,ham,He like not v shock leh. Cos telling shuhui is like telling leona also. Like dat almost all know liao. He got ask me abt ur reaction lor.
253,ham,I come n pick Ã¼ up... Come out immediately aft ur lesson...
254,ham,Dear we got  &lt;#&gt;  dollars hi hi
255,ham,MAKE SURE ALEX KNOWS HIS BIRTHDAY IS OVER IN FIFTEEN MINUTES AS FAR AS YOU'RE CONCERNED
256,ham,"Nah it's straight, if you can just bring bud or drinks or something that's actually a little more useful than straight cash"
257,ham,How many licks does it take to get to the center of a tootsie pop?
258,ham,Please dont say like that. Hi hi hi
259,ham,Oh that was a forwarded message. I thought you send that to me
260,ham,"Sweetheart, hope you are not having that kind of day! Have one with loads of reasons to smile. Biola"
261,ham,"What will we do in the shower, baby?"
262,ham,"Well imma definitely need to restock before thanksgiving, I'll let you know when I'm out"
263,ham,Probably gonna swing by in a wee bit
264,ham,Allo! We have braved the buses and taken on the trains and triumphed. I mean weâ€˜re in bâ€˜ham. Have a jolly good rest of week
265,ham,Do you mind if I ask what happened? You dont have to say if it is uncomfortable.
266,ham,No prob. I will send to your email.
267,ham,Thats cool! Sometimes slow and gentle. Sonetimes rough and hard :)
268,ham,"Wait, do you know if wesleys in town? I bet she does hella drugs!"
269,ham,Did u got that persons story
270,ham,"Sun cant come to earth but send luv as rays. cloud cant come to river but send luv as rain. I cant come to meet U, but can send my care as msg to U. Gud evng"
271,ham,"It doesnt make sense to take it there unless its free. If you need to know more, wikipedia.com"
272,ham,"Under the sea, there lays a rock. In the rock, there is an envelope. In the envelope, there is a paper. On the paper, there are 3 words... '"
273,ham,Sorry me going home first... Daddy come fetch Ã¼ later...
274,ham,Yes baby! We can study all the positions of the kama sutra ;)
275,ham,Carlos'll be here in a minute if you still need to buy
276,ham,Have a good evening! Ttyl
277,ham,Ho ho - big belly laugh! See ya tomo
278,ham,"I've got  &lt;#&gt; , any way I could pick up?"
279,ham,Maybe?! Say hi to  and find out if  got his card. Great escape or wetherspoons? 
280,ham,Cause I'm not freaky lol
281,ham,What is this 'hex' place you talk of? Explain!
282,ham,Is xy going 4 e lunch?
283,ham,I wanted to ask Ã¼ to wait 4 me to finish lect. Cos my lect finishes in an hour anyway.
284,ham,"Every King Was Once A Crying Baby And Every Great Building Was Once A Map.. Not Imprtant Where U r TODAY, BUT Where U Wil Reach TOMORW. Gud ni8"
285,ham,Thanks love. But am i doing torch or bold.
286,ham,Was the farm open?
287,ham,"My sister in law, hope you are having a great month. Just saying hey. Abiola"
288,ham,Ah poop. Looks like ill prob have to send in my laptop to get fixed cuz it has a gpu problem
289,ham,"Aight, you close by or still down around alex's place?"
290,ham,Mum ask Ã¼ to buy food home...
291,ham,How much r Ã¼ willing to pay?
292,ham,What is important is that you prevent dehydration by giving her enough fluids
293,ham,True dear..i sat to pray evening and felt so.so i sms'd you in some time...
294,ham,So when do you wanna gym harri
295,ham,"Height of Confidence: All the Aeronautics professors wer calld &amp; they wer askd 2 sit in an aeroplane. Aftr they sat they wer told dat the plane ws made by their students. Dey all hurried out of d plane.. Bt only 1 didnt move... He said:""if it is made by my students,this wont even start........ Datz confidence.."
296,ham,He also knows about lunch menu only da. . I know
297,ham,Oh is it? Send me the address
298,ham,That is wondar full flim.
299,ham,"The world is running and i am still.maybe all are feeling the same,so be it.or i have to admit,i am mad.then where is the correction?or let me call this is life.and keep running with the world,may be u r also running.lets run."
300,ham,Of cos can lar i'm not so ba dao ok... 1 pm lor... Y u never ask where we go ah... I said u would ask on fri but he said u will ask today...
301,ham,Exactly. Anyways how far. Is jide her to study or just visiting
302,ham,Lol you won't feel bad when I use her money to take you out to a steak dinner =D
303,ham,Leaving to qatar tonite in search of an opportunity.all went fast.pls add me in ur prayers dear.Rakhesh
304,ham,Thanks for looking out for me. I really appreciate.
305,ham,Wish i were with you now!
306,ham,Yes i will be there. Glad you made it.
307,ham,Just got up. have to be out of the room very soon. â€¦. i hadn't put the clocks back til at 8 i shouted at everyone to get up and then realised it was 7. wahay. another hour in bed.
308,ham,Men like shorter ladies. Gaze up into his eyes.
309,ham,"I promise to take good care of you, princess. I have to run now. Please send pics when you get a chance. Ttyl!"
310,ham,Is there a reason we've not spoken this year? Anyways have a great week and all the best in your exam
311,ham,Dont gimme that lip caveboy
312,ham,Realy sorry-i don't recognise this number and am now confused :) who r u please?! 
313,ham,Cant think of anyone with * spare room off * top of my head
314,ham,U should have made an appointment
315,ham,"Wishing you and your family Merry ""X"" mas and HAPPY NEW Year in advance.."
316,ham,"I'm nt goin, got somethin on, unless they meetin 4 dinner lor... Haha, i wonder who will go tis time..."
317,ham,I cant pick the phone right now. Pls send a message
318,ham,Not getting anywhere with this damn job hunting over here!
319,ham,"idc get over here, you are not weaseling your way out of this shit twice in a row"
320,ham,Just sleeping..and surfing
321,ham,Why don't you go tell your friend you're not sure you want to live with him because he smokes too much then spend hours begging him to come smoke
322,ham,Happy New year my dear brother. I really do miss you. Just got your number and decided to send you this text wishing you only happiness. Abiola
323,ham,Your opinion about me? 1. Over 2. Jada 3. Kusruthi 4. Lovable 5. Silent 6. Spl character 7. Not matured 8. Stylish 9. Simple Pls reply..
324,ham,Beerage?
325,ham,Dont think so. It turns off like randomlly within 5min of opening
326,ham,It does it on its own. Most of the time it fixes my spelling. But sometimes it gets a completely diff word. Go figure
327,ham,This is hoping you enjoyed your game yesterday. Sorry i've not been in touch but pls know that you are fondly bein thot off. Have a great week. Abiola
328,ham,Y?WHERE U AT DOGBREATH? ITS JUST SOUNDING LIKE JAN C THATÂ’S AL!!!!!!!!!
329,ham,There generally isn't one. It's an uncountable noun - u in the dictionary. pieces of research?
330,ham,Ok i msg u b4 i leave my house.
331,ham,K I'll be there before 4.
332,ham,"sure, but make sure he knows we ain't smokin yet"
333,ham,I am taking half day leave bec i am not well
334,ham,S:)s.nervous  &lt;#&gt; :)
335,ham,"He has lots of used ones babe, but the model doesn't help. Youi have to bring it over and he'll match it up"
336,ham,Then why you not responding
337,ham,Good afternoon starshine! How's my boytoy? Does he crave me yet? Ache to fuck me ? *sips cappuccino* I miss you babe *teasing kiss*
338,ham,Have a good evening! Ttyl
339,ham,Hahaha..use your brain dear
340,ham,"Sorry light turned green, I meant another friend wanted  &lt;#&gt;  worth but he may not be around"
341,ham,Surely result will offer:)
342,ham,I luv u soo much u donÂ’t understand how special u r 2 me ring u 2morrow luv u xxx
343,ham,Our Prashanthettan's mother passed away last night. pray for her and family.
344,ham,K.k:)when are you going?
345,ham,My stomach has been thru so much trauma I swear I just can't eat. I better lose weight.
346,ham,"Yeah there's barely enough room for the two of us, x has too many fucking shoes. Sorry man, see you later"
347,ham,U reach orchard already? U wan 2 go buy tickets first?
348,ham,No da if you run that it activate the full version da.
349,ham,Stop the story. I've told him i've returned it and he's saying i should not re order it.
350,ham,Going to take your babe out ?
351,ham,Spoons it is then okay?
352,ham,In work now. Going have in few min.
353,ham,"Sorry, I guess whenever I can get a hold of my connections, maybe an hour or two? I'll text you"
354,ham,Dude ive been seeing a lotta corvettes lately
355,ham,"Same here, but I consider walls and bunkers and shit important just because I never play on peaceful but I guess your place is high enough that it don't matter"
356,ham,"Well am officially in a philosophical hole, so if u wanna call am at home ready to be saved!"
357,ham,I'll text you when I drop x off
358,ham,Talk With Yourself Atleast Once In A Day...!!! Otherwise You Will Miss Your Best FRIEND In This WORLD...!!! -Shakespeare- SHESIL  &lt;#&gt;
359,ham,Are you in castor? You need to see something
360,ham,I love to give massages. I use lots of baby oil... What is your fave position?
361,ham,Yoyyooo u know how to change permissions for a drive in mac. My usb flash drive
362,ham,I like to talk pa but am not able to. I dont know y.
363,ham,You unbelievable faglord
364,ham,Why do you ask princess?
